0.03200000000000003,-0.025449698790907905,-0.013458909466862673,0.34236735105514526,2.761122298889397
0.06400000000000006,-0.025412498041987464,-0.013001750223338599,0.34255266189575195,2.7627021873367803
0.09600000000000009,-0.02545690350234513,-0.012586046941578383,0.3429203927516937,2.7425498848491467
0.129999999999999,-0.025705754756927535,-0.012151642702519888,0.34319213032722473,2.733472759412864
0.16400000000000148,-0.025902248919010207,-0.011803468689322466,0.3436852693557739,2.7136150900841445
0.1999999999999993,-0.025475518777966544,-0.011526062153279776,0.34468743205070496,2.7043328494131216
0.23199999999999932,-0.025275340303778693,-0.011293513700366015,0.34555280208587646,2.70150010274333
0.2660000000000018,-0.025131976231932685,-0.01111826673150062,0.34666526317596436,2.687453644017445
0.3000000000000007,-0.02528539672493939,-0.010834941640496249,0.347473680973053,2.680180939947547
0.33399999999999963,-0.025323079898953483,-0.010567106306552882,0.34859520196914673,2.6780941672243626
0.36599999999999966,-0.02529871836304669,-0.010226866230368609,0.35015812516212463,2.659693796692434
0.3999999999999986,-0.02497186511754994,-0.010025830008089537,0.3510468602180481,2.643315690477414
0.43400000000000105,-0.02502193301916127,-0.009747821837663645,0.3514728248119354,2.63558386799963
0.4660000000000011,-0.02513523027300839,-0.009360548108816142,0.3519313335418701,2.6249928901262005
0.5019999999999989,-0.0250971838831902,-0.009061366319656367,0.3524899184703827,2.618977283367213
0.5339999999999989,-0.025256933644413993,-0.008679579012095923,0.35313642024993896,2.613703635074132
0.5680000000000014,-0.025430941954255153,-0.008324846625328059,0.3542746603488922,2.6079740106681526
0.6020000000000003,-0.02531304769217973,-0.007955920882523055,0.354875385761261,2.5955307949118813
0.6359999999999992,-0.025074919685721443,-0.007588853128254408,0.35563379526138306,2.587897221714403
0.6679999999999993,-0.02459187805652623,-0.007320593111217017,0.3569856584072113,2.5778106371913845
0.7020000000000017,-0.024773491546511695,-0.006815091241151089,0.357512891292572,2.557522535712412
0.7360000000000007,-0.0249299425631762,-0.006325046531856055,0.3581956923007965,2.5567504080674417
0.7680000000000007,-0.025186737999320075,-0.0057828747667372175,0.358989953994751,2.5261328914701764
0.8019999999999996,-0.02451594360172753,-0.005363435484468932,0.3603411912918091,2.523915926689562
0.8359999999999985,-0.0242948848754168,-0.004879255779087538,0.36139923334121704,2.5216025033874154
0.8679999999999986,-0.024177240207791374,-0.004387601744383568,0.3625548779964447,2.5093975177388885
0.902000000000001,-0.02400467917323117,-0.003922821488231415,0.36390990018844604,2.500468584850267
0.934000000000001,-0.024141069501638458,-0.00342711759731173,0.36496710777282715,2.495651983920808
0.9699999999999989,-0.024283658713102386,-0.002945823362097139,0.36577925086021423,2.4852089924601586
1.001999999999999,-0.023598497733473823,-0.0029743378981947847,0.36706918478012085,2.462807921095387
1.0360000000000014,-0.023389928042888686,-0.0028458526358008333,0.3679741621017456,2.459044602433232
1.0680000000000014,-0.023375343531370208,-0.0026714655105024524,0.3687695860862732,2.442569293111457
1.1020000000000003,-0.023407265543937728,-0.0025107725523412176,0.36947816610336304,2.433754602678817
1.1359999999999992,-0.02353960461914544,-0.0022920891642570444,0.3700208067893982,2.425766327893194
1.1679999999999993,-0.023808481171727226,-0.0019579555373638816,0.3706377148628235,2.414731980885091
1.2040000000000006,-0.023335069417953536,-0.0017850961303338356,0.37128520011901855,2.401817719307429
1.2360000000000007,-0.022891858592629478,-0.0016573552275076459,0.37150460481643677,2.403792914719822
1.2680000000000007,-0.02271853387355809,-0.0014161659637466023,0.3714904189109802,2.403400089996589
1.3039999999999985,-0.02278300933539872,-0.0011220447486266444,0.3712654113769531,2.39303480575344
1.338000000000001,-0.02287153527140622,-0.000840322347357864,0.371182382106781,2.391590162466044
1.370000000000001,-0.023104155436158225,-0.0005260973703116128,0.3711766004562378,2.3849429134524907
1.404,-0.022926213219761894,-0.00032394524896516886,0.3712453544139862,2.381925634468893
1.4379999999999988,-0.02240926027297978,-0.00024911854416131475,0.3717069923877716,2.3746238425519257
1.4699999999999989,-0.022691834717989013,0.00013895149459131566,0.3712042272090912,2.370381588708184
1.5040000000000013,-0.022823950275778816,0.000516976637300109,0.37086576223373413,2.357868996701837
1.5380000000000003,-0.022958686575293586,0.0010013971477747016,0.37058180570602417,2.360432601314954
1.5700000000000003,-0.022969178855419204,0.0013747597113251738,0.3702198565006256,2.364995383628198
1.6039999999999992,-0.022724332287907646,0.0017288965173065712,0.3696989417076111,2.356972872205033
1.6380000000000017,-0.02231383882462983,0.0020569991320371676,0.3695165514945984,2.348489975140033
1.6720000000000006,-0.022574067115783737,0.0026952358894050173,0.3693782687187195,2.3453569307948863
1.7040000000000006,-0.022444855421781585,0.0030937944538891363,0.369872123003006,2.3453167263249046
1.7379999999999995,-0.02282372117042546,0.0037204783875495247,0.37012720108032227,2.340605142142635
1.7719999999999985,-0.023210212588310287,0.004237035755068069,0.37065836787223816,2.3318427053580857
1.8039999999999985,-0.022773349657654807,0.004379231948405509,0.3711632788181305,2.3149311140529663
1.8399999999999999,-0.022211225703358695,0.004466924350708728,0.37192580103874207,2.3004673082965854
1.8719999999999999,-0.02209079265594487,0.0046717985533177905,0.37240320444107056,2.280039865248627
1.9059999999999988,-0.022205924615263984,0.005001578014343982,0.37276604771614075,2.278452830034093
1.9400000000000013,-0.02235951647162442,0.005330926273018127,0.37324970960617065,2.263294443491904
1.9740000000000002,-0.02247586846351628,0.005581748671829706,0.3737931549549103,2.2570783941157995
2.0060000000000002,-0.022364472970366523,0.005516793113201862,0.3743741512298584,2.2510844842701427
2.0420000000000016,-0.022415429353714034,0.00550116272643209,0.3748180568218231,2.2467686547839865
2.0740000000000016,-0.022485475987196014,0.005435346160084014,0.3754931390285492,2.231197086566855
2.1080000000000005,-0.022492865100503013,0.005310056265443569,0.3767267167568207,2.2152986888706163
2.1419999999999995,-0.02278213389217858,0.005361909978091722,0.3777097463607788,2.2053493044319867
2.1739999999999995,-0.02266701683402066,0.005059494171291595,0.37911808490753174,2.1933323413536936
2.2079999999999984,-0.02241875417530541,0.0046191555447876505,0.3797588348388672,2.1740721659810847
2.242000000000001,-0.022421199828386352,0.004305455833673482,0.380395770072937,2.1651724497184195
2.274000000000001,-0.022680051624774978,0.00420063035562635,0.38084107637405396,2.150532540426973
2.308,-0.02271441370248799,0.0038582303095609,0.38200607895851135,2.1346958109031804
2.3419999999999987,-0.02312144823372369,0.0037719768006354622,0.3828541934490204,2.130905570113042
2.3760000000000012,-0.02332508936524396,0.0036530874203890614,0.3838061988353729,2.115181636641774
2.41,-0.022724894806742717,0.0031736213713884406,0.385036826133728,2.1032958434594407
2.443999999999999,-0.022577779367566157,0.002983561484143143,0.3860657215118408,2.0984024263524357
2.4800000000000004,-0.022580523043870974,0.0028741257265210204,0.3871701657772064,2.0882606397517796
2.5120000000000005,-0.02273738756775861,0.0027912699151784234,0.38850563764572144,2.071338991352138
2.5459999999999994,-0.023004913702607203,0.002808933611959224,0.3896200358867645,2.07107693003847
2.580000000000002,-0.02339281328022485,0.00291930628009141,0.3905770480632782,2.063908194058896
2.6140000000000008,-0.023555021733045627,0.0028575281612575106,0.39045336842536926,2.0599030623100356
2.6479999999999997,-0.02391449362039571,0.0028808692004531674,0.39016005396842957,2.0568672765249714
2.6799999999999997,-0.024072570726275493,0.0027541588060557894,0.38692522048950195,2.0459823876637864
2.716000000000001,-0.024586202576756526,0.0028055568691343125,0.3841771185398102,2.0413960869826075
2.75,-0.025258012115955398,0.0029113360214978513,0.3813013732433319,2.048081380886797
2.783999999999999,-0.02560881152749066,0.002894025761634117,0.378761351108551,2.03827210770028
2.8200000000000003,-0.02558611892163758,0.0027699701022356805,0.37629663944244385,2.027970567132864
2.8520000000000003,-0.025314716622233436,0.0024929090868681726,0.37345272302627563,2.026340990186558
2.8859999999999992,-0.02577470242977147,0.002473141765221959,0.37125036120414734,2.0203898025937987
2.9200000000000017,-0.02589955553412442,0.0022451444528997,0.36845463514328003,2.0239319638719544
2.9540000000000006,-0.026444455608725593,0.002192075364291674,0.3664203882217407,2.0180265594767537
2.9879999999999995,-0.026560345664620445,0.0018621640047058522,0.3645954728126526,2.014198353680765
3.0219999999999985,-0.026637826114893005,0.001482660649344331,0.3623017966747284,2.0136370152468097
3.056000000000001,-0.026694554835557983,0.001130525255575782,0.3604936897754669,2.013886328513711
3.088000000000001,-0.02692494727671151,0.0008498455281369448,0.3589226007461548,2.019322624217735
3.122,-0.027243163436651275,0.0004940773360431255,0.3574182689189911,2.0290842091076384
3.154,-0.0275423470884562,0.0002594356192275943,0.3564317524433136,2.0272268243735545
3.187999999999999,-0.02769756875932221,-3.1369854696033487e-06,0.35527315735816956,2.021160628485325
3.219999999999999,-0.02748729102313523,-0.00034884113119914515,0.3546655476093292,2.017648286928425
3.2540000000000013,-0.027301242575049445,-0.0007897689938545166,0.3541542589664459,2.011551546883746
3.2880000000000003,-0.0276642851531506,-0.0010552499443292557,0.35345908999443054,2.0005399693901733
3.321999999999999,-0.02810577116906647,-0.0013176897773519095,0.35301485657691956,1.9992538081735136
3.3560000000000016,-0.028818422928452533,-0.0015083848265930945,0.35252857208251953,1.9920951964407747
3.3880000000000017,-0.028830982744693798,-0.0017445327248424227,0.35237011313438416,1.9910917965727273
3.4220000000000006,-0.02891434542834763,-0.0019344108877703482,0.35212138295173645,1.984362618710331
3.4619999999999997,-0.029076775535941166,-0.0021310672163963253,0.3519202172756195,1.9794730037782011
3.498000000000001,-0.029305048286914867,-0.002281461143866175,0.3518735468387604,1.9807718663540965
3.532,-0.02988966740667824,-0.0023575918748974735,0.3515661656856537,1.9728405342184157
3.564,-0.03055890090763573,-0.00240821088664233,0.351317435503006,1.9695699683577723
3.6000000000000014,-0.031148025766015094,-0.002496143803000443,0.35130783915519714,1.9464097510253824
3.6340000000000003,-0.03199306502938275,-0.0026012740563601186,0.3508944809436798,1.9412900153325758
3.6660000000000004,-0.03280831873416905,-0.002669220324605696,0.3508811891078949,1.9338173070915776
3.6999999999999993,-0.03292629122734074,-0.0027753035537898467,0.35079625248908997,1.9140944918205396
3.7340000000000018,-0.03282769024372105,-0.002933023031800978,0.35086724162101746,1.8948318234492407
3.7680000000000007,-0.033008482307195705,-0.002985981991514556,0.35083141922950745,1.8841811623371107
3.8019999999999996,-0.03343374654650692,-0.0029433884192258046,0.3504302203655243,1.8605267463366462
3.8359999999999985,-0.0339121520519257,-0.0028442034963518307,0.3500651717185974,1.8488815788260529
3.870000000000001,-0.03464889526367192,-0.0027081065345555466,0.3496282398700714,1.845365157172972
3.904,-0.03391172364354138,-0.0025689669419079945,0.3493880331516266,1.8376720292849282
3.936,-0.03399285674095158,-0.002390537643805139,0.34890708327293396,1.8432210389946673
3.969999999999999,-0.03402112051844601,-0.0022752676159143374,0.3486250936985016,1.8394072891577047
4.001999999999999,-0.03436858579516415,-0.0021636039018630903,0.34821581840515137,1.8281959504255505
4.036000000000001,-0.03417332097887997,-0.0020168663468211816,0.34902262687683105,1.8247650882418538
4.071999999999999,-0.03450847417116169,-0.0019038688624277635,0.34892570972442627,1.8116235722804035
4.106000000000002,-0.03412948176264767,-0.0019449461251497193,0.34891802072525024,1.8010934122471585
4.138000000000002,-0.033880144357681316,-0.0019631956238299535,0.3489765524864197,1.7973462354177339
4.172000000000001,-0.03351708874106411,-0.002016562735661857,0.34954598546028137,1.801738317719371
4.207999999999998,-0.033571939915418667,-0.002021486638113849,0.34985432028770447,1.797374060806956
4.242000000000001,-0.03395868092775349,-0.002000273903831832,0.3499112129211426,1.7874304019158602
4.276,-0.03463654220104222,-0.0019510041456669493,0.34959298372268677,1.7844907747264411
4.308,-0.03434709832072262,-0.002166864462196819,0.3498649597167969,1.772314742870316
4.341999999999999,-0.033873122185468715,-0.002425011014565818,0.35076043009757996,1.7825647223080419
4.376000000000001,-0.03406404703855519,-0.002586857648566358,0.35094133019447327,1.7814795939766817
4.408000000000001,-0.03462081402540211,-0.0027042366564273756,0.3507213294506073,1.7793233415266654
4.442,-0.034861385822296184,-0.0029723700135946196,0.3516753017902374,1.7731124942972039
4.475999999999999,-0.03515204042196278,-0.0032239686697721403,0.35224685072898865,1.7798006649505
4.510000000000002,-0.03494986891746525,-0.003472303505986921,0.3528442084789276,1.7742417229136362
4.542000000000002,-0.035011816769838375,-0.003669125959277145,0.35323500633239746,1.773431299746952
4.5760000000000005,-0.035144325345754665,-0.003833868307992808,0.3538770377635956,1.7722864344585392
4.609999999999999,-0.035266496241092724,-0.00405463529750704,0.35502415895462036,1.765554828419042
4.6419999999999995,-0.03573441132903103,-0.004214326851069919,0.35522788763046265,1.7514521430921646
4.675999999999998,-0.03603300824761395,-0.004336289595812551,0.3550346791744232,1.7501630895493165
4.710000000000001,-0.03574066981673245,-0.004420951008796684,0.3546915352344513,1.7420686392015932
4.744,-0.03520060330629353,-0.004443202633410684,0.35464736819267273,1.7166778176669633
4.776,-0.03504394367337231,-0.004442597739398472,0.3545205295085907,1.7165536955463336
4.809999999999999,-0.03530013933777813,-0.004455505870282642,0.3542061448097229,1.7075995646264874
4.844000000000001,-0.03573323041200642,-0.004474815446883432,0.3538339138031006,1.7018987124783922
4.878,-0.03535962477326397,-0.0044843126088380736,0.35409167408943176,1.7035494774329967
4.91,-0.034939423203468364,-0.004515863023698322,0.35436320304870605,1.6970847330314132
4.943999999999999,-0.03489918261766438,-0.004598998930305235,0.3543519079685211,1.6873664524148881
4.9780000000000015,-0.0349679216742516,-0.004669614601880304,0.3544027805328369,1.6919772867376892
5.010000000000002,-0.03501677513122563,-0.004737589042633764,0.35470929741859436,1.6902961176237532
5.0440000000000005,-0.035233821719884914,-0.00484717218205332,0.3549725413322449,1.694728388663484
5.077999999999999,-0.034839559346437496,-0.004890880547463886,0.35594043135643005,1.6955451579061613
5.114000000000001,-0.03432982787489895,-0.0049102618359029215,0.3564772605895996,1.695737801370438
5.148,-0.03410974517464642,-0.005002654623240225,0.3567987084388733,1.6944349700597243
5.18,-0.034034844487905544,-0.005083217285573475,0.35716694593429565,1.6929542986289363
5.213999999999999,-0.034104451537132305,-0.005126704927533857,0.3576546311378479,1.6898700729961613
5.248000000000001,-0.03423741087317471,-0.0051669133827090185,0.3582434058189392,1.6815099031735765
5.282,-0.03367438912391667,-0.005039156880229704,0.35950446128845215,1.6763700458305673
5.315999999999999,-0.03329936042428021,-0.004861086606979362,0.3601777255535126,1.6714957797796903
5.352,-0.03312601521611218,-0.00475387787446379,0.3606604039669037,1.6736873936466947
5.385999999999999,-0.03273000195622448,-0.004628825001418584,0.3621056377887726,1.6676101695165466
5.420000000000002,-0.032756470143795055,-0.004596321843564503,0.36290979385375977,1.6648037709597059
5.454000000000001,-0.03301012516021733,-0.004609745927155011,0.3633617162704468,1.6625192896491818
5.4879999999999995,-0.03269346803426747,-0.004628708586096757,0.36353838443756104,1.6462036485395666
5.5219999999999985,-0.03235198184847836,-0.004707939922809594,0.362918496131897,1.6356422405183306
5.556000000000001,-0.032121244817972225,-0.0048388056457042625,0.3625062108039856,1.6309810869835888
5.59,-0.03194107860326771,-0.005107206292450421,0.36236003041267395,1.6330756882283557
5.623999999999999,-0.03206679224967961,-0.005444733425974839,0.36226022243499756,1.6252647203341786
5.655999999999999,-0.0324158184230328,-0.005847159307450049,0.3621607720851898,1.619989152744456
5.687999999999999,-0.03250849246978764,-0.006076509598642581,0.36188989877700806,1.6284917464332296
5.724,-0.0322169698774815,-0.006196186877787106,0.3621499836444855,1.6187527507129262
5.756,-0.031789235770702404,-0.0062735979445278575,0.3630933165550232,1.6222468716997527
5.789999999999999,-0.03175642713904385,-0.006521328352391713,0.36367708444595337,1.6123306553437724
5.824000000000002,-0.0318255834281445,-0.006777263246476643,0.3639225363731384,1.6135257160658216
5.8580000000000005,-0.03238104656338696,-0.007292592432349913,0.363331139087677,1.607196310263603
5.890000000000001,-0.03205272927880291,-0.007569519337266677,0.36360567808151245,1.6085644360262583
5.9239999999999995,-0.0314651727676392,-0.007861531339585774,0.3644666373729706,1.6097643489562823
5.957999999999998,-0.031162120401859332,-0.008167715743184083,0.36524924635887146,1.606009724320435
5.992000000000001,-0.03102763369679456,-0.008608251810073846,0.3654240369796753,1.6031986352345093
6.026,-0.03118697553873067,-0.009189739823341363,0.365376353263855,1.5987273756514822
6.058,-0.03127538412809376,-0.009675615467131131,0.3657854199409485,1.5912439998286183
6.091999999999999,-0.0307945311069489,-0.00988056790083646,0.36664822697639465,1.5808154370915817
6.126000000000001,-0.03051035292446618,-0.0101341214030981,0.36714810132980347,1.5705422010612067
6.16,-0.030149755999445964,-0.01041207090020179,0.3682518005371094,1.5692367830808964
6.193999999999999,-0.03039572387933736,-0.010969546623527997,0.3679714500904083,1.5560740486133964
6.225999999999999,-0.030284754931926776,-0.011352381668984883,0.3687710165977478,1.5540674546978008
6.260000000000002,-0.030482491478323985,-0.0118613289669156,0.3687061071395874,1.5545100554406002
6.292000000000002,-0.0300542395561934,-0.01210739836096763,0.3690410554409027,1.5517375078238562
6.3260000000000005,-0.029659623280167628,-0.012432886287569993,0.3690420091152191,1.5429487647307392
6.359999999999999,-0.029362136498093654,-0.01280999090522527,0.368752658367157,1.5453144576002174
6.394000000000002,-0.029134554788470317,-0.013164509087800973,0.36853861808776855,1.5410512870891018
6.428000000000001,-0.02892136014997964,-0.013555121608078473,0.3685830533504486,1.5391399068986558
6.460000000000001,-0.02903325855731969,-0.014133775606751435,0.36820581555366516,1.529356226083762
6.494,-0.02854083664715295,-0.014542910270392888,0.36804115772247314,1.5278222471101832
6.527999999999999,-0.028154190629720736,-0.01499036140739917,0.3679746389389038,1.5215402487953016
6.559999999999999,-0.027658285573124934,-0.0154191730543971,0.3682164251804352,1.5227867623255709
6.594000000000001,-0.027481934055686046,-0.01592974364757537,0.3677610754966736,1.5129629118649053
6.628,-0.027402197942137767,-0.016428144648671143,0.3664805293083191,1.511040504793356
6.661999999999999,-0.027378249913454104,-0.016946794465184205,0.3651665151119232,1.504793899652031
6.6960000000000015,-0.026670167222619105,-0.016957107931375497,0.36384493112564087,1.5007433696174035
6.73,-0.02624576725065713,-0.017053939402103417,0.36267420649528503,1.5105935971308337
6.7620000000000005,-0.026006113737821628,-0.01733096688985824,0.3611724078655243,1.5049518540809157
6.798000000000002,-0.02567772753536706,-0.017586771398782723,0.3597561717033386,1.5071624057553523
6.832000000000001,-0.02561293914914136,-0.017933730036020272,0.3583046793937683,1.4985782738696667
6.864000000000001,-0.02572076953947549,-0.018384663388133042,0.35670652985572815,1.4994319137070484
6.898,-0.024980785325169612,-0.018278863281011574,0.3555651605129242,1.495816101621209
6.931999999999999,-0.024605168029665996,-0.018365766853094094,0.354368656873703,1.4928428592376055
6.968,-0.024397647008299873,-0.018573664128780358,0.3531692922115326,1.496218963754475
7.0,-0.024224037304520652,-0.01878522522747516,0.3522568643093109,1.4923970815498329
7.033999999999999,-0.0241012424230576,-0.01901301741600036,0.3515856862068176,1.4915103796313778
7.068000000000001,-0.024025667458772704,-0.019299851730465882,0.35110077261924744,1.4906544144756193
7.100000000000001,-0.023339487612247512,-0.0186712983995676,0.3508366048336029,1.4864505977352862
7.134,-0.022929023951292083,-0.018364436924457547,0.3506929576396942,1.4769107586652686
7.167999999999999,-0.022675894200801894,-0.018267588689923283,0.35057616233825684,1.4731873900542387
7.202000000000002,-0.022501282393932388,-0.01827774196863174,0.3506559431552887,1.4696222715205365
7.236000000000001,-0.02234128117561345,-0.018356600776314732,0.3499374985694885,1.4641910602414745
7.268000000000001,-0.02204428613185887,-0.018448604270815846,0.34957149624824524,1.4653971619211754
7.302,-0.021457754075527236,-0.018465992063283917,0.34926432371139526,1.4680952386442305
7.3359999999999985,-0.020948579534888313,-0.018586156889796254,0.34889447689056396,1.4737979023208048
7.370000000000001,-0.020435931161046073,-0.018739301711320874,0.348879337310791,1.4734410864433212
7.404,-0.020117038860917136,-0.01904610730707645,0.3487410843372345,1.4733380638932905
7.437999999999999,-0.019784092903137252,-0.019344588741660115,0.34908849000930786,1.4664978363910621
7.469999999999999,-0.019633268937468574,-0.019732112064957615,0.34858256578445435,1.4727872734623837
7.504000000000001,-0.019018361344933555,-0.019732233136892315,0.34909772872924805,1.4740672250471452
7.536000000000001,-0.018653847277164504,-0.020001653581857678,0.3490877151489258,1.4591222438945877
7.571999999999999,-0.018348129466176078,-0.020314615219831463,0.3491821587085724,1.4385772447204317
7.603999999999999,-0.01811684668064122,-0.020578730851411816,0.3495904803276062,1.4383497765123252
7.640000000000001,-0.017970222979784057,-0.021034654229879376,0.34850946068763733,1.4323145372346224
7.672000000000001,-0.017648873850703285,-0.02113782055675983,0.3434079885482788,1.4268336289420636
7.7059999999999995,-0.0172783881425858,-0.021137814968824383,0.33954837918281555,1.4225078305759757
7.7379999999999995,-0.016951933503150985,-0.021294776350259777,0.33581557869911194,1.404950880224794
7.774000000000001,-0.016666544601321266,-0.02160573191940784,0.33214789628982544,1.4070887420245692
7.808,-0.016448207199573562,-0.021805467084050175,0.32922104001045227,1.4003339449570438
7.84,-0.01629784889519219,-0.021967593580484387,0.3268051743507385,1.396654063895716
7.872,-0.016203714534640354,-0.02229461073875427,0.32390815019607544,1.3981118466316613
7.905999999999999,-0.015814179554581684,-0.02211603336036205,0.3220585882663727,1.3933005213633198
7.937999999999999,-0.015517900697886989,-0.02211903594434261,0.320603609085083,1.3827048366330141
7.972000000000001,-0.015337328426539943,-0.02223575487732887,0.31955915689468384,1.3769919855427146
8.006,-0.015248352661728904,-0.02243625000119209,0.31873050332069397,1.375338640884414
8.04,-0.015105507336556955,-0.02265946008265018,0.31847089529037476,1.3711891290467002
8.074000000000002,-0.014910402707755609,-0.02299360744655132,0.3178805112838745,1.3671777254296409
8.106000000000002,-0.014443834312260194,-0.023061368614435192,0.3182770013809204,1.3536639582133423
8.14,-0.014160579070448919,-0.023388462141156193,0.31836241483688354,1.3344595551624554
8.174,-0.01390179526060824,-0.023790322244167324,0.31852012872695923,1.3335480357130218
8.207999999999998,-0.013684796169400259,-0.02433248236775398,0.31846752762794495,1.3319841745478125
8.242,-0.01350166834890847,-0.024739904329180714,0.3189201056957245,1.3267251380749556
8.274000000000001,-0.013224535621702716,-0.0250859260559082,0.31891560554504395,1.3243863579080577
8.308,-0.012814092449843929,-0.02521434426307678,0.3190561532974243,1.3226989226764871
8.344000000000001,-0.01243127696216111,-0.025462690740823742,0.3192734122276306,1.3242776415735207
8.378,-0.0119963008910418,-0.02579517103731632,0.31986376643180847,1.317625757553176
8.411999999999999,-0.01167860627174382,-0.026226984336972233,0.3202744424343109,1.3190078949941004
8.446000000000002,-0.011434817686677024,-0.026825470849871632,0.32047125697135925,1.3255416781285843
8.482,-0.011002078652381942,-0.026831325143575665,0.32135114073753357,1.330598079243719
8.514,-0.01074988860636954,-0.02711687237024307,0.32131096720695496,1.3265391262919934
8.547999999999998,-0.01035269349813466,-0.02738648653030395,0.3222992420196533,1.3325617704758503
8.582,-0.01006557513028388,-0.028023635968565937,0.32248878479003906,1.3294634720045613
8.617999999999999,-0.00983482692390685,-0.028680767863988873,0.32236403226852417,1.3281523385860519
8.654,-0.009478816762566613,-0.02940462529659271,0.3230392038822174,1.3371816245237742
8.687999999999999,-0.009090817533433484,-0.029859498143196102,0.32154250144958496,1.3285037083046634
8.722000000000001,-0.008656591176986741,-0.030404515564441677,0.3200048506259918,1.3256156922288969
8.754000000000001,-0.008269838988781022,-0.030815061181783673,0.3190566599369049,1.3308192236487444
8.788,-0.00782247912138705,-0.03144393116235733,0.31806907057762146,1.33889369845295
8.822,-0.007489867974072741,-0.03203032538294792,0.31734493374824524,1.337397554072644
8.856000000000002,-0.007161094341427134,-0.03283035755157471,0.3165528476238251,1.3409585582377364
8.89,-0.006868023891001987,-0.03339855372905731,0.3152127265930176,1.3411949120761784
8.922,-0.006571787409484433,-0.03347817808389664,0.31533539295196533,1.3371406007123916
8.956,-0.006334492471069144,-0.0339161641895771,0.31541112065315247,1.3349549311367965
8.989999999999998,-0.006193181965500162,-0.03453692048788071,0.31500810384750366,1.3377752946998815
9.027999999999999,-0.006049203686416195,-0.03523614630103111,0.3150123655796051,1.3458888400224371
9.058,-0.00581903429701929,-0.03573743253946304,0.31581971049308777,1.3463512635379902
9.091999999999999,-0.005443851463496732,-0.03608623147010803,0.3159112334251404,1.3488228423905941
9.126000000000001,-0.00513151194900279,-0.036396417766809464,0.31628721952438354,1.3465933784378576
9.158000000000001,-0.004818601533770608,-0.03707536309957504,0.3161682188510895,1.3466705372028638
9.192,-0.004536991007626104,-0.037641070783138275,0.3170034885406494,1.3478464954338687
9.225999999999999,-0.004298933316022205,-0.03845787048339844,0.31717780232429504,1.3528904534790445
9.260000000000002,-0.004121539648622322,-0.038859132677316666,0.31783750653266907,1.348812008142095
9.294,-0.003945208154618788,-0.038895800709724426,0.31717079877853394,1.3497089736417327
9.328,-0.003801664570346522,-0.03891642019152641,0.3165285587310791,1.3495502385136102
9.36,-0.0036507470067590948,-0.03910377249121666,0.31591928005218506,1.3481086705786622
9.394000000000002,-0.0034940682817250963,-0.03936343267560005,0.31527477502822876,1.3535366099899524
9.43,-0.0033415926154703375,-0.039854321628808975,0.31449562311172485,1.3489497847740253
9.463999999999999,-0.0032833034638315916,-0.04006719961762428,0.3143145442008972,1.3508798917044047
9.498000000000001,-0.003317070892080712,-0.04001506417989731,0.3137472867965698,1.3564375945007794
9.530000000000001,-0.003356125205755281,-0.039801374077796936,0.3139732778072357,1.3559567756805648
9.562000000000001,-0.0033337450586259838,-0.040000755339860916,0.31370308995246887,1.3518541105702415
9.596,-0.0033187852241099358,-0.04035448655486107,0.3136018216609955,1.347992966467095
9.632000000000001,-0.00337671930901711,-0.04055202379822731,0.3144702613353729,1.354902557962763
9.664000000000001,-0.0033721218351275206,-0.040815938264131546,0.31495580077171326,1.3560217932131937
9.698,-0.0031910752877593518,-0.04058215767145157,0.3153930902481079,1.3444904071441728
9.732,-0.0029870534781367064,-0.0407523475587368,0.31520673632621765,1.3441093822334198
9.764,-0.002834622515365529,-0.04081285744905472,0.3154374957084656,1.3418995032319887
9.798000000000002,-0.002627160400152254,-0.04070683568716049,0.31644293665885925,1.340868628723527
9.832,-0.0024205972440541268,-0.041117288172245026,0.3162018656730652,1.3410781867590735
9.866,-0.0022048663813621283,-0.04144396260380745,0.3158891797065735,1.3377921152838375
9.898,-0.0019660969264805794,-0.04113439470529556,0.31598931550979614,1.3437016203229355
9.931999999999999,-0.0017644079634920242,-0.04093148559331894,0.3162800371646881,1.3405701170210704
9.966000000000001,-0.0015915594995022297,-0.04115719348192215,0.3159535229206085,1.3390456286370465
10.0,-0.001454785931855488,-0.041198741644620895,0.3163135349750519,1.3342213152243858
10.032,-0.0012885145843029501,-0.04142238199710846,0.31665414571762085,1.327772012076905
10.065999999999999,-0.001118188607506502,-0.04143064096570015,0.31664979457855225,1.3327738944094605
10.097999999999999,-0.0009782623965293646,-0.04112265259027481,0.3158215880393982,1.3353900294443923
10.134,-0.0007811647956260025,-0.0411183163523674,0.3146471679210663,1.3262400742227443
10.168,-0.0005540091078728912,-0.0411127433180809,0.3137552738189697,1.3225179679961543
10.2,-0.0004092275048606573,-0.04118022695183754,0.3134520351886749,1.3199598794257226
10.234000000000002,-0.00019684009021152834,-0.04159406200051308,0.31225094199180603,1.31882181986922
10.268,7.290118810483177e-05,-0.04152784124016762,0.3113516867160797,1.3143985799196225
10.302,0.0004209711041766678,-0.04120861366391182,0.3105446696281433,1.317762427498129
10.334,0.0007347263162955171,-0.041000884026288986,0.30993014574050903,1.3153896954220625
10.370000000000001,0.0010598021326586134,-0.04083966836333275,0.3096262216567993,1.3080516841747147
10.402000000000001,0.0012750676833092696,-0.04090059921145439,0.30941277742385864,1.3079329384924498
10.436,0.0014946847222744948,-0.04105260595679283,0.3092252016067505,1.3094199269793474
10.469999999999999,0.0016959263011812695,-0.04126207157969475,0.3083178699016571,1.3168874886090531
10.504000000000001,0.0018446841277181636,-0.04041426256299019,0.3083655536174774,1.3262003890848157
10.538,0.0019790509250014556,-0.03984469920396805,0.30863961577415466,1.3322458727799134
10.57,0.002135057700797869,-0.03996407613158226,0.30803632736206055,1.3364712175732578
10.604,0.00239611137658353,-0.03984899818897247,0.3083410859107971,1.3364131691925742
10.636,0.0026248600333928594,-0.040047526359558105,0.30815768241882324,1.3332946544817903
10.670000000000002,0.0028858371078967584,-0.03973201662302017,0.3088933825492859,1.3252689423083834
10.704,0.003168708877637936,-0.0396101139485836,0.30904191732406616,1.3303128660116628
10.738,0.003438921412453009,-0.03943360224366188,0.3095952272415161,1.3330837273890155
10.771999999999998,0.003745797555893613,-0.03955203667283058,0.3095472753047943,1.3365428612876549
10.806000000000001,0.004001386929303361,-0.03951526805758476,0.31018754839897156,1.327564806158082
10.838000000000001,0.0043640974909066686,-0.040016017854213715,0.30985739827156067,1.3253234265343057
10.872,0.004561978392302943,-0.039815157651901245,0.310134619474411,1.33335132286406
10.905999999999999,0.004767541773617221,-0.03958563879132271,0.310274600982666,1.336154637879613
10.937999999999999,0.005028668325394345,-0.039453860372304916,0.31034961342811584,1.3396188455202638
10.974,0.005334103945642663,-0.039281927049160004,0.3109695017337799,1.3375687664164704
11.006,0.005639535840600682,-0.03937014564871788,0.31121382117271423,1.337828834623302
11.042000000000002,0.005948992446064902,-0.039595555514097214,0.31137967109680176,1.3325262461465113
11.076,0.0061728041619061955,-0.0393412783741951,0.3116813004016876,1.328569624540269
11.11,0.006378636695444537,-0.03899281844496727,0.3122987449169159,1.332807670885154
11.142,0.006673063151538325,-0.039013173431158066,0.31207796931266785,1.3373107801668056
11.175999999999998,0.006923202890902711,-0.03873628005385399,0.3128170073032379,1.3288344321527834
11.21,0.007171786855906201,-0.03885292634367943,0.31301653385162354,1.327797891231184
11.242,0.00736953038722272,-0.03904664143919945,0.3129277229309082,1.322189934757967
11.277999999999999,0.007285193540155841,-0.03848867490887642,0.3128456473350525,1.3142305808688906
11.312000000000001,0.007300836965441657,-0.03817281126976013,0.31240251660346985,1.298405619577586
11.344000000000001,0.007312829140573693,-0.037840958684682846,0.3117014765739441,1.29714198217339
11.378,0.007377803325653029,-0.03761708363890648,0.3106241226196289,1.284718530785925
11.41,0.0074256681837141045,-0.03735252097249031,0.30839741230010986,1.2797334990499585
11.443999999999999,0.007568049710243894,-0.03741120547056198,0.3065280616283417,1.2702177956483012
11.478000000000002,0.007651644293218806,-0.03700346499681473,0.30455121397972107,1.2574690987239228
11.510000000000002,0.007698285859078124,-0.03637827932834625,0.3027171194553375,1.2504784711208163
11.542000000000002,0.007825328968465283,-0.03596518561244011,0.30045250058174133,1.253689239225763
11.576,0.007964096963405564,-0.035636868327856064,0.29850539565086365,1.253244610620004
11.61,0.00809094682335849,-0.035362135618925095,0.29693707823753357,1.2522200537412007
11.642,0.008351997472345784,-0.03537195175886154,0.29504284262657166,1.2581276925370182
11.678,0.008627304807305291,-0.03542865812778473,0.29318103194236755,1.2574438263094412
11.712,0.008972576819360211,-0.03560248389840126,0.29122745990753174,1.2533036235953134
11.745999999999999,0.00932415388524528,-0.03565026819705963,0.2888774275779724,1.2519323519867167
11.780000000000001,0.009458751417696433,-0.03522759675979614,0.2870948910713196,1.254275381117417
11.809999999999999,0.009673593565821606,-0.03491271659731865,0.2855282425880432,1.2624572819593203
11.844000000000001,0.009902975521981675,-0.03469111770391464,0.28425857424736023,1.263208444369374
11.876000000000001,0.010208507068455178,-0.034648966044187546,0.282884806394577,1.2642685228913073
11.911999999999999,0.010497556068003136,-0.03462459519505501,0.28195637464523315,1.2632897856528638
11.946000000000002,0.010593630373477894,-0.03425624594092369,0.281802237033844,1.2660367990665562
11.98,0.010733132250606972,-0.03414501994848251,0.28086480498313904,1.2599033924279335
12.016000000000002,0.010762445628642994,-0.0338246151804924,0.2808628976345062,1.2587258808861295
12.05,0.010788784362375695,-0.03349488973617554,0.2815059721469879,1.260674760769007
12.084,0.01102623902261253,-0.03351769968867302,0.28165459632873535,1.2586853494020804
12.117999999999999,0.01126110553741451,-0.03354135900735855,0.28214940428733826,1.249252623229864
12.152000000000001,0.011390540748834568,-0.03332100063562393,0.282713919878006,1.250660303591856
12.184000000000001,0.011422197334468323,-0.032856229692697525,0.28346332907676697,1.2476224979944819
12.219999999999999,0.011559598147869068,-0.03263828903436661,0.28406980633735657,1.2382370608271014
12.251999999999999,0.011584151536226231,-0.03236209601163864,0.2858499586582184,1.2413232749487118
12.283999999999999,0.011729439720511395,-0.03237679973244667,0.28662508726119995,1.2452682906247061
12.32,0.011815340258181053,-0.032353855669498444,0.28807511925697327,1.238434939968807
12.352,0.011877563782036263,-0.032262545078992844,0.28812307119369507,1.2370820064401509
12.386,0.011752841062843758,-0.03171656280755997,0.2892269492149353,1.2372972882495914
12.420000000000002,0.011658612638711886,-0.031228024512529377,0.29080650210380554,1.231818746197691
12.454,0.011791205964982466,-0.03110083751380444,0.29147398471832275,1.2343988995536697
12.486,0.01208386197686191,-0.031226811930537227,0.29134508967399597,1.2213088130229277
12.52,0.012288481928408103,-0.031094085425138477,0.2930781841278076,1.2232336296283066
12.553999999999998,0.01233931258320804,-0.030727557837963108,0.2941237688064575,1.2268071630184267
12.588000000000001,0.01245317235589023,-0.030432175844907764,0.29478418827056885,1.2308266698555543
12.620000000000001,0.012680260464549021,-0.03023655712604523,0.2955045998096466,1.230112244711883
12.654,0.012934587895870165,-0.03003451600670815,0.2965601086616516,1.227828230657609
12.687999999999999,0.013228799216449217,-0.029921684414148334,0.2975500822067261,1.2334477408899183
12.719999999999999,0.013518620282411532,-0.029818378388881687,0.2992309331893921,1.239022432834021
12.754000000000001,0.013811343349516348,-0.029839495196938518,0.29943737387657166,1.23453199452371
12.788,0.013813618570566134,-0.02924728207290173,0.3009282946586609,1.234465245111711
12.822,0.013906700536608653,-0.02886198461055756,0.30216139554977417,1.2243482413201316
12.854,0.014175426214933352,-0.028634522110223774,0.30276501178741455,1.220196392093324
12.888000000000002,0.014429774135351138,-0.028476264327764515,0.30366042256355286,1.2135985205663158
12.922,0.014691079966723874,-0.02826153673231602,0.30521446466445923,1.2077377512666176
12.956,0.014844771474599793,-0.027988296002149585,0.3056901693344116,1.2024374794429997
12.989999999999998,0.014958426356315568,-0.0276454221457243,0.3063664138317108,1.196756185850961
13.024000000000001,0.015067797154188111,-0.027361985296010975,0.3072611391544342,1.1917311466701255
13.058,0.015333008952438788,-0.027245514094829563,0.30794718861579895,1.1965981125034924
13.09,0.015554486773908095,-0.027125079184770588,0.30900323390960693,1.1996959675290735
13.123999999999999,0.01600880920886989,-0.027176305651664737,0.3094736337661743,1.220998283040876
13.16,0.015931174159049943,-0.026776917278766636,0.3111790418624878,1.2237271491360906
13.192,0.01599173434078689,-0.026574002578854564,0.31220290064811707,1.225750133772956
13.225999999999999,0.016133211553096726,-0.026423012837767604,0.31302309036254883,1.2314104145762492
13.260000000000002,0.016342571005225136,-0.02635878883302212,0.31370845437049866,1.2398458231770562
13.292000000000002,0.016626320779323533,-0.02637046575546265,0.31439921259880066,1.2391405445711912
13.326,0.01696100458502765,-0.02640316262841225,0.3156679570674896,1.2430650517508968
13.36,0.017107544466853097,-0.026050098240375522,0.31604549288749695,1.2506943145493163
13.394000000000002,0.017354931682348206,-0.025794666260480884,0.3164065480232239,1.2600258235188084
13.428,0.017690777778625443,-0.02568003907799721,0.3163761496543884,1.2658012780508012
13.46,0.017941866070032075,-0.025390265509486202,0.31733494997024536,1.2658858155388268
13.495999999999999,0.018414186313748315,-0.02532266825437546,0.3174924850463867,1.271005432472251
13.527999999999999,0.018821451812982514,-0.025315433740615848,0.31797048449516296,1.2804520068996579
13.562000000000001,0.01878854446113105,-0.02496302127838135,0.3189103603363037,1.2829692679300448
13.596,0.018780035898089364,-0.024640662595629696,0.31919553875923157,1.2855347092687024
13.628,0.018802631646394685,-0.024345200508832935,0.31977105140686035,1.2855241676414693
13.661999999999999,0.018931174650788262,-0.0241059921681881,0.320463627576828,1.28836125887184
13.696000000000002,0.019357269629836037,-0.02398834936320782,0.3207263648509979,1.2877868893981625
13.73,0.019632324576377824,-0.023864373564720157,0.32150113582611084,1.2835621484001098
13.762,0.019678216427564576,-0.023626349866390232,0.32215356826782227,1.2831828805579977
13.796,0.0197009332478046,-0.02336179278790951,0.3227439224720001,1.2965334115407832
13.830000000000002,0.019819840788841206,-0.023046458140015606,0.32352811098098755,1.300397328575374
13.864,0.020032420754432637,-0.022797938436269764,0.3238699734210968,1.3084029871410463
13.898,0.020522527396678883,-0.0225962158292532,0.3237471878528595,1.315108218920591
13.93,0.020939866080880123,-0.02242471463978291,0.3237851858139038,1.3182691619722189
13.963999999999999,0.02113586664199825,-0.022099224850535396,0.32338854670524597,1.3158158213626905
13.998000000000001,0.021114496514201123,-0.021677337586879734,0.32342371344566345,1.3230286201317765
14.030000000000001,0.021365445107221562,-0.021435415372252468,0.322534441947937,1.3214928408988749
14.064,0.02171574346721168,-0.02129256166517735,0.3217872977256775,1.3191064233321352
14.097999999999999,0.022196725010871846,-0.021189128980040554,0.3209470212459564,1.3097416972790363
14.129999999999999,0.022776605561375576,-0.02111741900444031,0.32012975215911865,1.3073138088060525
14.164000000000001,0.022563559934496838,-0.02093126438558102,0.3200913071632385,1.3093934613310392
14.198,0.022804917767643887,-0.020892648026347164,0.3194343149662018,1.3136828249467642
14.232,0.022775107994675595,-0.02079173177480698,0.31996214389801025,1.3080059684798688
14.266000000000002,0.02324487268924709,-0.02077027596533299,0.31939786672592163,1.3125220021599726
14.297999999999998,0.023524962365627247,-0.02070905268192292,0.3195294439792633,1.3118705887744293
14.332,0.024033233523368794,-0.02062076888978482,0.31931397318840027,1.3233862963409202
14.366,0.023989321663975674,-0.02014968357980252,0.3199547827243805,1.3263457679192134
14.399999999999999,0.024053573608398396,-0.01974501088261605,0.3202650547027588,1.3280596270108198
14.434000000000001,0.02432884834706779,-0.019372833892703063,0.32041141390800476,1.3182533406768084
14.468,0.02465594746172424,-0.01906570605933667,0.3209085762500763,1.320497923808477
14.5,0.025091249495744664,-0.01880681701004506,0.321392297744751,1.3187647475113795
14.533999999999999,0.025672316551208454,-0.0185547024011612,0.3217441439628601,1.3195222383753564
14.565999999999999,0.02565859444439407,-0.018293237313628204,0.32204556465148926,1.3246059880446965
14.600000000000001,0.025520287454128224,-0.017997555434703834,0.3229450285434723,1.32210505794638
14.634,0.025874456390738446,-0.017704561352729804,0.3228830099105835,1.3197403580552451
14.668,0.026259515434503514,-0.017428187653422363,0.32314470410346985,1.3244951595457461
14.702000000000002,0.02665586769580837,-0.017157614231109626,0.32383379340171814,1.3303322173829968
14.736,0.027363622561097103,-0.01684707589447499,0.32359766960144043,1.3327336027923782
14.768,0.027248736470937687,-0.01638252846896649,0.32328975200653076,1.3338728849876715
14.802,0.027484606951475102,-0.015975689515471465,0.322787344455719,1.3325271015926141
14.835999999999999,0.027825323864817578,-0.015591067261993892,0.3224802613258362,1.3213424460580896
14.867999999999999,0.028257694095373112,-0.015241865999996669,0.3220452070236206,1.3281570911892358
14.902000000000001,0.0289400070905685,-0.014860456809401519,0.32133981585502625,1.321217552239697
14.936,0.02944163419306274,-0.01456725504249335,0.32126420736312866,1.3243915884978867
14.968,0.029356006532907444,-0.013927303254604347,0.32117101550102234,1.3253697275317948
15.001999999999999,0.02925690822303291,-0.013201315887272365,0.3214065134525299,1.3327977971415088
15.036000000000001,0.029652971774339634,-0.012514801695942886,0.3209746479988098,1.3339428323938376
15.07,0.029994774609804112,-0.011918600648641593,0.3207950294017792,1.334671368970193
15.102,0.030252913013100582,-0.011342125944793231,0.32106754183769226,1.3337057018910299
15.136,0.030849896371364552,-0.010784296318888671,0.3200543224811554,1.3276767151085231
15.170000000000002,0.030550090596079785,-0.009963758289814002,0.319976806640625,1.332376980821775
15.202000000000002,0.030548691749572712,-0.009307739324867732,0.3198249042034149,1.3297086728489023
15.236,0.031018542125821072,-0.008538966067135341,0.3191349506378174,1.334551924342129
15.27,0.03137843683362003,-0.007880893535912044,0.3189659118652344,1.3344575694024137
15.303999999999998,0.03189011290669437,-0.007192680612206466,0.3184974491596222,1.3404827287992893
15.338000000000001,0.03229236602783199,-0.006569452583789832,0.3186279237270355,1.3444864297252341
15.370000000000001,0.032102420926094014,-0.006195336580276496,0.3184881806373596,1.3477352103407858
15.404,0.031938642263412434,-0.005908546503633268,0.3186011016368866,1.3532563488886618
15.437999999999999,0.03189742937684055,-0.005617314018309123,0.3188536763191223,1.3583225007581283
15.469999999999999,0.031896930187940556,-0.005241297651082284,0.3193782866001129,1.3623599194128133
15.506,0.03221454098820682,-0.004807197488844402,0.31910207867622375,1.3725777063481204
15.54,0.0322509184479713,-0.004464386496692903,0.31846296787261963,1.3866529467300668
15.572,0.03155634179711338,-0.004090865142643459,0.3181220591068268,1.3886533220583637
15.605999999999998,0.03150404617190357,-0.0036743469536304543,0.31724298000335693,1.3872140829807293
15.638000000000002,0.03145613893866535,-0.003282574238255627,0.31670382618904114,1.3808523729029971
15.672,0.03180897608399387,-0.002804748946800835,0.3156273365020752,1.3770392875749078
15.706,0.03190604969859119,-0.0023877909407019685,0.3154084086418152,1.3833351296076584
15.739999999999998,0.03231520950794216,-0.0019918880425393655,0.3146444857120514,1.3827819616311363
15.772000000000002,0.031968090683221775,-0.0019398139556869936,0.313876211643219,1.3865361916267886
15.806000000000001,0.03192332014441486,-0.0018087723292410445,0.31329500675201416,1.383850098765043
15.84,0.0318742990493774,-0.0016772168455645514,0.3132023215293884,1.3825247251271406
15.873999999999999,0.032009653747081715,-0.0014477475779131126,0.3131324350833893,1.3823044091477361
15.907999999999998,0.03262672945857044,-0.0010715065291151476,0.31210750341415405,1.3838789987673337
15.941999999999997,0.03246353566646572,-0.0008946109446697009,0.3120920658111572,1.3932013172895268
15.976000000000003,0.032240621745586354,-0.000644043553620584,0.3116358816623688,1.4016490001241761
16.008,0.03226808831095692,-0.00031690360629000485,0.31118327379226685,1.4160921098001988
16.044,0.032467551529407467,8.54502068250368e-05,0.31079697608947754,1.415536443593629
16.078,0.032742869108915294,0.0004807028162758725,0.3105310797691345,1.42320978876834
16.110000000000003,0.033035520464181865,0.0008206070633605049,0.3105117678642273,1.428768007787805
16.144000000000002,0.03301526606082913,0.0010258686961606071,0.3106904923915863,1.428751690964942
16.178,0.03252416849136349,0.0011330646229907799,0.3104989528656006,1.4286801269693499
16.209999999999997,0.03215442970395085,0.0012860858114436197,0.31021422147750854,1.4303085492451042
16.246,0.031527031213045086,0.0013897127937525441,0.3095845580101013,1.4258812687574693
16.279999999999998,0.031392328441143,0.0016663256101310184,0.30647778511047363,1.4280608992078883
16.312,0.031212812289595566,0.0018786255968734553,0.304073303937912,1.4277003600035467
16.346,0.03067174740135666,0.0020677722059190204,0.30159792304039,1.4252442080968075
16.377999999999997,0.030421389266848526,0.0023347048554569413,0.29932156205177307,1.4218795206356396
16.412000000000003,0.029791308566927875,0.0025775393005460436,0.29577162861824036,1.4124985567483042
16.446,0.029571153223514522,0.0029133080970495874,0.2929665744304657,1.415000058552781
16.477999999999998,0.02946964837610718,0.0033450657501816685,0.29057028889656067,1.4099505510554244
16.511999999999997,0.029523896053433384,0.0039035228546708757,0.2884145975112915,1.412528359549287
16.546000000000003,0.02928864955902096,0.004471630789339536,0.2865646481513977,1.4231867846493622
16.580000000000002,0.02849572896957394,0.004891240037977689,0.2855837345123291,1.421073009052426
16.612,0.028156237676739658,0.005414425395429128,0.28463131189346313,1.4042803676346824
16.645999999999997,0.028046011924743618,0.006058468483388418,0.2837703824043274,1.408179075682319
16.680000000000003,0.027959279716014827,0.006588649936020368,0.2835518419742584,1.4139020826178745
16.712,0.028133302927017177,0.0072339409962296425,0.2830798625946045,1.4200822788546326
16.746,0.027930026873946155,0.007625910919159645,0.2832253575325012,1.4401916110447406
16.779999999999998,0.027883047237992255,0.00797299109399318,0.2826831340789795,1.4351922019666068
16.814000000000004,0.027811663225293128,0.008372097276151173,0.28255170583724976,1.4329590733632824
16.848000000000003,0.02781463414430615,0.008747171610593789,0.2827593982219696,1.43317246453051
16.88,0.027899805456399886,0.00916568282991647,0.28313735127449036,1.424059679296502
16.913999999999998,0.02793998084962365,0.009616795927286141,0.2842855155467987,1.4166682314080734
16.947999999999997,0.02775847539305684,0.009935886599123471,0.285535603761673,1.4173352291430574
16.982000000000003,0.027458244934678046,0.010067312046885483,0.28639253973960876,1.4259691334862343
17.016000000000002,0.027212334796786277,0.010195861570537085,0.28758999705314636,1.4321113253614859
17.05,0.027257800102233855,0.01053837221115827,0.2882491946220398,1.427337851308505
17.084,0.027331268414854972,0.01077418308705091,0.28927698731422424,1.4224442083263935
17.118,0.0274028945714235,0.010935274884104722,0.29103025794029236,1.4310267387200042
17.151999999999997,0.027166685089468925,0.010875429026782507,0.29221534729003906,1.43329998594617
17.184,0.0269215181469917,0.01084822509437799,0.2931601107120514,1.4387263899273384
17.220000000000002,0.026912996545433967,0.011014372110366816,0.29376423358917236,1.4351489875225658
17.254,0.026724064722657172,0.010997499339282507,0.2954079508781433,1.4328273373204963
17.285999999999998,0.026824396103620498,0.01116206962615251,0.2955928444862366,1.4350150901855714
17.319999999999997,0.02696646377444264,0.011422213166952128,0.2958647906780243,1.438939398103831
17.354000000000003,0.02657905966043469,0.011261778883635993,0.29711613059043884,1.4410464854816964
17.386,0.026313617825508083,0.011252105236053462,0.2977088987827301,1.4475899048873038
17.422,0.02615917101502415,0.011239545419812197,0.29856589436531067,1.45487384483727
17.453999999999997,0.02619911171495911,0.011346732266247267,0.29930147528648376,1.4511563482444452
17.488000000000003,0.026261754333972896,0.01150750089436769,0.29946374893188477,1.4501014164174473
17.522000000000002,0.0264517497271299,0.011819167062640185,0.29933813214302063,1.4422934748129626
17.556,0.02605836652219292,0.011770371347665782,0.29959163069725037,1.4487883713025955
17.587999999999997,0.025906659662723507,0.011909911409020419,0.2991945743560791,1.454869549989095
17.622000000000003,0.025478163734078373,0.011817853897809977,0.2997646629810333,1.4584090414171462
17.656000000000002,0.025434060022234882,0.012019125744700427,0.29995083808898926,1.474031343160093
17.69,0.0254734996706247,0.012219557538628573,0.30033349990844727,1.476301150787743
17.724,0.025759013369679416,0.012533747591078276,0.30071890354156494,1.4771531344936581
17.755999999999997,0.025466486811637844,0.012295039370656008,0.30177876353263855,1.4824918889860383
17.790000000000003,0.025568068027496303,0.012332986108958716,0.30201518535614014,1.480834978886333
17.824,0.025794651359319652,0.01242934819310903,0.3020857572555542,1.4912034791625368
17.860000000000003,0.02596737071871754,0.012441340833902354,0.3019367754459381,1.5038382700280306
17.892,0.02645921707153317,0.012771646492183203,0.30131566524505615,1.5105942753391164
17.926,0.02693642675876614,0.013008015230298037,0.30079442262649536,1.5146796778688822
17.959999999999997,0.026769021525979007,0.012740108184516425,0.2997931241989136,1.5142615946581373
17.994000000000003,0.026941867545247043,0.012765837833285327,0.29892992973327637,1.5227381242101106
18.028000000000002,0.027384346351027454,0.012999059632420533,0.29815801978111267,1.5226590443790649
18.062,0.02789259329438206,0.013239823281764977,0.2977794110774994,1.5289625181067055
18.093999999999998,0.02830417454242703,0.013434932567179196,0.2977266013622284,1.5280069454968137
18.127999999999997,0.028995638713240592,0.013859919272363179,0.2973872423171997,1.5329753650188755
18.162000000000003,0.028913699090480773,0.013761178590357297,0.2974388599395752,1.5367257791331774
18.196,0.028900418430566753,0.013729909434914582,0.29787060618400574,1.5329535126646385
18.23,0.029246950522065128,0.014028760604560368,0.29750630259513855,1.5358697139865987
18.264,0.029563117772340743,0.014371274970471852,0.29700204730033875,1.527346498215091
18.296000000000003,0.029731657356023757,0.014545710757374757,0.2970966398715973,1.5264286106600176
18.331999999999997,0.03037157654762265,0.015112275257706635,0.2965131103992462,1.5170103902315162
18.364,0.030032353475689857,0.015024687163531773,0.29642346501350403,1.5092569099332036
18.398,0.0301396623253822,0.015249168500304215,0.29566463828086853,1.49617914293355
18.432,0.03055557981133458,0.015684453770518296,0.29476428031921387,1.4960539145730771
18.465999999999998,0.030685232952237098,0.015935311093926423,0.29442593455314636,1.4998389530660774
18.500000000000004,0.03092692419886586,0.016291541978716843,0.29386842250823975,1.4993927995665939
18.532,0.0312416888773441,0.016765680164098733,0.2931446135044098,1.4923881171617874
18.566,0.03106183186173436,0.016943134367465966,0.292242169380188,1.484483355724937
18.599999999999998,0.03089567646384236,0.017104644328355782,0.2917385697364807,1.4815647014169495
18.633999999999997,0.030844438821077316,0.017357952892780297,0.29145658016204834,1.4842378416575666
18.666,0.030936134979128806,0.017687862738966935,0.2913553714752197,1.4950665177817297
18.7,0.03102838248014447,0.018020013347268098,0.29159215092658997,1.4932941135248015
18.733999999999998,0.031244274228811233,0.01845571026206016,0.29162800312042236,1.4877782517575913
18.767999999999997,0.030643988400697677,0.01827724836766719,0.2922578454017639,1.4832512478708202
18.802000000000003,0.030541608110070197,0.018483119085431092,0.29232257604599,1.482600256547193
18.834,0.030381860211491554,0.018681155517697327,0.29273688793182373,1.4829202112159203
18.868,0.030603712424635856,0.019129479303956025,0.29255127906799316,1.4815526273762265
18.901999999999997,0.03105405531823632,0.019696773961186402,0.2921900153160095,1.4837733791272447
18.936000000000003,0.031197687610983817,0.019970241934061043,0.2922290861606598,1.4820379175225258
18.970000000000002,0.030532708391547172,0.019582351669669144,0.29269587993621826,1.4809367114757794
19.002,0.03062458150088784,0.01977399736642837,0.2924533188343048,1.4734864456283845
19.035999999999998,0.030329082161188094,0.01964155584573745,0.2931833267211914,1.4719493631595915
19.069999999999997,0.03043864108622071,0.019828699529170983,0.2936415672302246,1.4749449010739009
19.102,0.030615001916885345,0.02011840231716632,0.2945438325405121,1.4766215833058556
19.136,0.030966091901063888,0.020539190620183938,0.29463252425193787,1.4757291176545873
19.169999999999998,0.030581558123230903,0.020152784883975976,0.29580357670783997,1.4780062851689593
19.203999999999997,0.030696405097842185,0.020267425104975693,0.29648375511169434,1.4892805116155914
19.236,0.03084321506321427,0.02041205018758773,0.2972685992717743,1.4946288408500645
19.272000000000002,0.031178653240203823,0.020688256248831742,0.29788100719451904,1.501980381099847
19.306,0.0314184986054897,0.020815568044781678,0.2987003028392792,1.5020905516211365
19.337999999999997,0.031497620046138736,0.020859409123659127,0.29958581924438477,1.5127812150768272
19.372000000000003,0.03125119209289548,0.02062165364623069,0.30028480291366577,1.5121927129067378
19.406000000000002,0.03071101196110245,0.02013777941465377,0.3018203377723694,1.5171426097703227
19.438,0.030749663710594143,0.020234644412994378,0.3023035228252411,1.5155831994175455
19.471999999999998,0.030572390183806385,0.020101759582757943,0.3037568926811218,1.5120239105605424
19.505999999999997,0.030673239380121196,0.020160470157861703,0.304782897233963,1.5110205877081981
19.540000000000003,0.030770607292652095,0.02020562626421451,0.30646812915802,1.5002192612721237
19.572,0.031052818521857227,0.02045007608830928,0.3076993227005005,1.5034243806892909
19.605999999999998,0.031320501118898364,0.02069063298404216,0.3089577555656433,1.4956876076044618
19.639999999999997,0.031290393322706195,0.020829888060688966,0.3099703788757324,1.4973265057309817
19.672,0.03135217353701589,0.021041233092546456,0.31018680334091187,1.4886554160807033
19.706,0.03129267692565915,0.021091802045702927,0.31055396795272827,1.4994884676780382
19.74,0.031485319137573214,0.0213693156838417,0.3106657862663269,1.4954686914507436
19.773999999999997,0.03179558739066121,0.02170178480446338,0.3108091652393341,1.4965708888635667
19.806,0.032300427556037875,0.02224295958876609,0.310613214969635,1.4929283911729356
19.84,0.03264401108026502,0.022647073492407792,0.3107173442840576,1.4876182768987367
19.874,0.0323052108287811,0.022475734353065484,0.31102555990219116,1.4870317068143946
19.906000000000002,0.032498233020305606,0.022731574252247803,0.3106941878795624,1.4918648964661674
19.94,0.03260017186403272,0.02291246317327022,0.31068217754364014,1.5050423523042753
19.974,0.032556172460317584,0.022904476150870316,0.3090100884437561,1.511656532323445
20.008,0.03279557451605794,0.023087579756975167,0.3074634373188019,1.5174075315888917
20.041999999999998,0.03252523019909856,0.022811397910118096,0.3053354024887085,1.526268289324128
20.075999999999997,0.03219435736536977,0.022478759288787835,0.3031541407108307,1.5277009070008756
20.108,0.032077088952064486,0.022286381572484963,0.30129095911979675,1.52640061830671
20.144000000000002,0.03173783048987386,0.021875184029340737,0.3000689148902893,1.531348288364222
20.176,0.031906124204397174,0.021881794556975358,0.2990330755710602,1.5322397662431664
20.209999999999997,0.03213450685143468,0.02197418734431266,0.29836007952690125,1.5372979696546047
20.244000000000003,0.03195926547050473,0.021793365478515618,0.2978602349758148,1.5465921920230818
20.276,0.03169422596693036,0.02158157899975776,0.29741010069847107,1.5463308357443328
20.31,0.03158584982156751,0.021469570696353905,0.2971230447292328,1.547086654982418
20.343999999999998,0.03172431513667104,0.021531846374273293,0.29684650897979736,1.5493231537063454
20.376,0.031891804188489886,0.02167742140591144,0.2969350218772888,1.5502390277243752
20.412000000000003,0.032013565301895114,0.021845031529664986,0.29759249091148376,1.557341085077739
20.446,0.032107878476381274,0.021862033754587167,0.2977728247642517,1.5572345712536197
20.482000000000003,0.03179462999105451,0.021429629996418946,0.2985840439796448,1.5754992698446766
20.516000000000002,0.031735710799694034,0.021192589774727814,0.29926398396492004,1.586911326493255
20.55,0.03192545846104619,0.021125907078385346,0.2998467683792114,1.5833000949354574
20.581999999999997,0.03188625350594518,0.02086862921714782,0.30104371905326843,1.5954404068454873
20.616000000000003,0.032214805483818026,0.02090737968683242,0.30164769291877747,1.5947211434801343
20.650000000000002,0.03191640600562093,0.020441515371203416,0.302353173494339,1.5882966187491319
20.684,0.03163145110011098,0.02000209689140319,0.30329805612564087,1.5890381382583136
20.718,0.03156710043549535,0.019720872864127152,0.30430397391319275,1.5898605142218922
20.750000000000004,0.031450659036636325,0.019416196271777146,0.30554887652397156,1.5915721476647136
20.784000000000002,0.03153527155518529,0.019259572029113763,0.30684009194374084,1.5936653810331523
20.824,0.03183595091104505,0.01921935006976127,0.30811649560928345,1.5934537388776489
20.855999999999998,0.0313434265553951,0.018681669607758515,0.30970850586891174,1.5969666740472377
20.888,0.0311526712030172,0.018455984070897095,0.31053614616394043,1.5985865068902463
20.922,0.03092252649366852,0.018218435347080224,0.3113681375980377,1.5975014281123434
20.958000000000002,0.03096946887671944,0.018221653997898095,0.3118710219860077,1.6021062938639359
20.99,0.03098637238144871,0.018273457884788506,0.31197983026504517,1.6029256433363357
21.023999999999997,0.03059664927422997,0.018071757629513734,0.31213003396987915,1.6032646386904355
21.058000000000003,0.030224373564124073,0.017929365858435624,0.312135249376297,1.5988244858373917
21.093999999999998,0.029979625716805423,0.017805594950914376,0.312378466129303,1.5976541292862272
21.126,0.0299824699759483,0.01779758930206298,0.3126848042011261,1.589967265969123
21.157999999999998,0.030077513307332958,0.017847426235675805,0.31292328238487244,1.5888832593686004
21.196,0.029988288879394497,0.017852701246738427,0.31350958347320557,1.580408258443186
21.23,0.029874101281166042,0.017842186614871018,0.3136151432991028,1.5763845325390469
21.264,0.02992274053394791,0.01796388812363147,0.31355318427085876,1.5731614685624493
21.298,0.02966861985623833,0.017782948911190026,0.3143710792064667,1.5725316066477746
21.331999999999997,0.029680356383323635,0.01779642887413501,0.31496021151542664,1.574418213409026
21.366000000000003,0.029772642999887432,0.017904419451951974,0.31559935212135315,1.5798240268933268
21.398,0.029808655381202663,0.01793424040079116,0.31700074672698975,1.578705698460335
21.432,0.029540138319134678,0.01759997941553592,0.3179602324962616,1.5835292141348407
21.465999999999998,0.029525736346840824,0.01747149415314197,0.31860634684562683,1.5792539209430227
21.500000000000004,0.029295863583683933,0.017143106088042252,0.3201751112937927,1.5716771975254984
21.534000000000002,0.02927947044372555,0.017066730186343186,0.32132384181022644,1.5770583859824785
21.566,0.029405117034912075,0.017130509018898003,0.32217976450920105,1.5760765865776387
21.599999999999998,0.02951676025986668,0.01718552410602569,0.3233204185962677,1.5842897505322837
21.633999999999997,0.029154462739825214,0.016868930310010903,0.32489967346191406,1.5829230252068738
21.668000000000003,0.028992367908358536,0.016755724325776093,0.32613080739974976,1.5825726143311074
21.7,0.02899789996445175,0.016802683472633355,0.327303946018219,1.5822978758524884
21.733999999999998,0.029050333425402603,0.016911376267671578,0.32853978872299194,1.5789555106514845
21.766000000000002,0.029260106384754143,0.017104364931583398,0.3299179971218109,1.5878916199691164
21.8,0.0295251794159412,0.017273256555199616,0.33138611912727356,1.5857837593091682
21.836000000000002,0.029424823820590935,0.016979249194264405,0.3327949345111847,1.5947127351851091
21.868,0.029237508773803673,0.016619814559817307,0.33406755328178406,1.6000351575703626
21.901999999999997,0.029006861150264702,0.01626568660140037,0.33540770411491394,1.6056215810690884
21.936000000000003,0.0289144683629274,0.016107663512229912,0.33625805377960205,1.6054938741897955
21.968,0.029006272554397545,0.01613223180174827,0.3368343412876129,1.6058427278028797
22.004,0.029148954898118935,0.016229005530476563,0.33729711174964905,1.5919242119659158
22.035999999999998,0.02867998741567131,0.015797270461916917,0.3377046585083008,1.5933093578322117
22.069999999999997,0.028205880895256958,0.015329224988818162,0.33815842866897583,1.6056811306667098
22.104000000000003,0.028155632317066154,0.015235914848744862,0.33784928917884827,1.5942275269461934
22.138,0.02806203253567215,0.015114354901015752,0.3377688229084015,1.5954030583655772
22.169999999999998,0.028062921017408333,0.01505857799202203,0.33778977394104004,1.59605884015814
22.206,0.027900611981749496,0.014873352833092206,0.33806872367858887,1.5978939506237022
22.238000000000003,0.02749573439359661,0.014577392488718026,0.33775296807289124,1.603911240625988
22.272000000000002,0.027223167940974197,0.014393161050975318,0.3375077545642853,1.5968787977450793
22.304,0.026928246021270714,0.014242921955883498,0.3373497426509857,1.5986867292223648
22.337999999999997,0.026660194620490036,0.014077935367822642,0.3372344672679901,1.6044119095147162
22.372000000000003,0.026557017117738686,0.014077770523726935,0.33676350116729736,1.6004434396212541
22.406000000000002,0.02641028165817257,0.014084700495004649,0.33651003241539,1.6106684056138174
22.44,0.025714300572872124,0.013841086067259306,0.3365767002105713,1.6114174422514487
22.474,0.02541616000235077,0.013836647383868689,0.3362942636013031,1.6203362948577145
22.508,0.024825697764754257,0.013691411353647704,0.3364295959472656,1.6178727909580302
22.541999999999998,0.0244955942034721,0.013677956536412234,0.33664223551750183,1.616042466886851
22.574,0.024253372102975807,0.013781681656837458,0.3368387520313263,1.6177327230961667
22.610000000000003,0.024081727489829025,0.01392433606088161,0.33694136142730713,1.617741240042867
22.644000000000002,0.02358742803335186,0.013668403029441828,0.3368864059448242,1.618679106930934
22.676,0.02310639247298237,0.013395888730883593,0.33693814277648926,1.6181845162875368
22.709999999999997,0.022595273330807648,0.013190674595534796,0.3367360830307007,1.6151614325577073
22.742,0.022325441241264305,0.013127621263265605,0.3364346921443939,1.6171635521593841
22.776,0.02210894972085949,0.013125080615282054,0.336239755153656,1.6155148190366166
22.812,0.021896865218877754,0.013148239813745017,0.33619219064712524,1.6122802547343846
22.843999999999998,0.021577417850494347,0.01299326959997415,0.3350987434387207,1.604010911340834
22.876,0.021361954510211906,0.012926501221954817,0.3342076539993286,1.5951892436452686
22.912000000000003,0.021235890686511955,0.012857864610850806,0.33349740505218506,1.5927909157223779
22.944,0.021298017352819405,0.012885184027254576,0.33175361156463623,1.5921169641293094
22.977999999999998,0.021416302770376167,0.012959203682839865,0.3305550217628479,1.5973053863529356
23.011999999999997,0.021501364186406097,0.013000211678445334,0.3295062482357025,1.6025859802689824
23.044,0.021285958588123283,0.012825575657188887,0.3287402093410492,1.5916391267098358
23.075999999999997,0.021032955497503242,0.01255762111395597,0.32821911573410034,1.589324525538243
23.110000000000003,0.0210231319069862,0.012464997358620162,0.3276787996292114,1.589968418795592
23.144000000000002,0.021073231473565063,0.012390575371682639,0.3274625241756439,1.5966578867773946
23.176,0.021192712709307632,0.012313806451857085,0.327629953622818,1.590069605120671
23.212,0.021358707919716797,0.012310387566685671,0.3274500370025635,1.5974161797715922
23.246,0.021241484209895096,0.012055478990077967,0.3274286091327667,1.6051055388762703
23.278000000000002,0.021205594763159714,0.011815818026661868,0.32716915011405945,1.6024192204618382
23.312,0.02117903530597683,0.011517669074237341,0.3266565501689911,1.607138784834025
23.346,0.021309707313775978,0.011360086500644679,0.3263181149959564,1.6110198587096398
23.38,0.021616023033857307,0.011256325058639044,0.3261107802391052,1.6175494539137345
23.413999999999998,0.02182523347437378,0.011070787906646723,0.3262813687324524,1.6155436744770835
23.447999999999997,0.021680824458599052,0.010642341338098044,0.32712817192077637,1.6177070680326255
23.48,0.02181685157120224,0.010479032993316645,0.327656090259552,1.6160863851803617
23.514,0.02189016714692112,0.010169151239097113,0.3289690613746643,1.6147738220275563
23.552000000000003,0.022077418863773308,0.00995176844298839,0.3297736346721649,1.6153199176351594
23.584,0.022265713661909065,0.009771771728992457,0.3295050859451294,1.6139828715569668
23.62,0.02231511473655697,0.009487940929830069,0.32916852831840515,1.6124103715405949
23.651999999999997,0.02201807126402851,0.008944747969508166,0.3290739059448242,1.606278655768528
23.686000000000003,0.022001519799232445,0.008546113967895503,0.3289702832698822,1.6270714654949174
23.720000000000002,0.021980715915560684,0.008154786191880698,0.3292025625705719,1.626686044343817
23.752,0.02213325351476665,0.007811069954186673,0.32953202724456787,1.6268768893572092
23.785999999999998,0.02234283648431297,0.007563447579741473,0.3299865424633026,1.62071293556951
23.819999999999997,0.022288102656602818,0.007149521261453623,0.33048003911972046,1.6294838540707828
23.854000000000003,0.02236605994403358,0.006875557359307999,0.3305824398994446,1.6329829390336765
23.886,0.022411275655031163,0.006608239375054831,0.33091050386428833,1.6366774920161742
23.919999999999998,0.02247668057680126,0.006316415965557093,0.3317278325557709,1.6357405036825565
23.953999999999997,0.022734180092811543,0.006133164744824166,0.3322705626487732,1.6380966053378332
23.988000000000003,0.023104183375835377,0.005955789703875775,0.33178579807281494,1.6464990014204568
24.022000000000002,0.023258708417415577,0.005807364359498019,0.3311433792114258,1.6445844146254427
24.056,0.023060159757733303,0.005617837887257332,0.33059215545654297,1.6452815029142285
24.087999999999997,0.023184530436992604,0.005577854346483941,0.32975271344184875,1.6458785137390592
24.124,0.0233526267111301,0.005548466462641949,0.32902365922927856,1.6452533868443462
24.156000000000002,0.023605091497302014,0.005558105185627932,0.32831600308418274,1.6452689515098518
24.19,0.02387195825576778,0.005612306296825404,0.3277354836463928,1.6492713856846124
24.224,0.02397816814482208,0.005677456501871342,0.32706624269485474,1.6534706728161757
24.255999999999997,0.02383587323129173,0.005715324077755208,0.32652634382247925,1.6562228453054642
24.290000000000003,0.023591382429003674,0.00580144533887505,0.3262779712677002,1.6626493158739057
24.324,0.02367153391242023,0.006041518878191704,0.32594871520996094,1.662859854868701
24.358,0.023811422288417778,0.006324529182165856,0.3257182240486145,1.6652813292901587
24.392,0.024002097547054253,0.006645901128649706,0.32542684674263,1.6630386993576705
24.426,0.02385511435568329,0.00670912535861134,0.3253433108329773,1.6526775990182612
24.458000000000002,0.02365052513778206,0.006743408739566798,0.32546266913414,1.6566656557764114
24.492,0.023557011038064915,0.0068330792710185,0.32581469416618347,1.6560110994926884
24.526,0.02366251498460766,0.007024040911346669,0.3256798982620239,1.660309793048021
24.558000000000003,0.023757506161928135,0.00719501450657844,0.32582974433898926,1.6611217633626032
24.593999999999998,0.02405533380806442,0.007511482108384366,0.3260135054588318,1.6680553313948518
24.626,0.02397949621081348,0.007577835582196707,0.3264365792274475,1.6749013227502927
24.66,0.02400011196732517,0.00765449739992618,0.3266906142234802,1.678708358426541
24.694,0.02405499480664726,0.007741921115666623,0.32709553837776184,1.6765250688335034
24.727999999999998,0.02417566440999504,0.007836263626813883,0.3279593288898468,1.6830120123067727
24.76,0.024447096511721573,0.007964248768985266,0.3287672996520996,1.688975417836205
24.794,0.024762991815805397,0.008088773116469378,0.32970964908599854,1.688140938021665
24.828,0.024899035692214928,0.007997957058250899,0.3306122422218323,1.6905700861201758
24.862,0.024613771587610203,0.007554718293249602,0.33223289251327515,1.692059671055291
24.895999999999997,0.024614490568637806,0.007335805334150786,0.33326593041419983,1.6971224540739507
24.930000000000003,0.024641476571559864,0.007145446725189681,0.3343591094017029,1.6981626625696138
24.962,0.02468602918088432,0.006943695712834591,0.3360726833343506,1.6893996872110248
24.998,0.02483755163848396,0.006908444687724108,0.336831271648407,1.6859348229496283
25.029999999999998,0.024623764678835827,0.00673089968040585,0.33810076117515564,1.6921347927297776
25.062,0.02432923577725883,0.00648025562986731,0.3400436341762543,1.6933258068404846
25.093999999999998,0.02434622123837467,0.006361104082316155,0.34139469265937805,1.6898972115693385
25.13,0.024504600092768627,0.0063190646469593,0.3427281677722931,1.6894768462844276
25.162000000000003,0.024721445515751797,0.006354626268148417,0.34405282139778137,1.6875811301132584
25.197999999999997,0.024892710149288136,0.006429492030292744,0.345302939414978,1.6948014835686958
25.232000000000003,0.024378245696425396,0.006200357805937523,0.3472438156604767,1.696439369130066
